<?xml version="1.0"?>
<task name="Разговор">
<statements>
<statement state="C">Он [не] сказал</statement>
<statement state="P">Она [не] спросила</statement>
<statement state="Y">Она [не] узнала</statement>
</statements>
<parcels>
<parcel state="!C→!Y">если Он бы не сказал то Она бы не узнала </parcel>
<parcel state="!P→!C">если Она бы не спросила то Он бы не сказал </parcel>
<parcel state="Y">Она узнала </parcel>
</parcels>
<ask state="P">Она спросила </ask>
<rules>
<rule state="!A→!B">B→A</rule>
<rule state="A→!B">B→!A</rule>
<rule state="!A→B">!B→A</rule>
<rule state="A→B">!B→!A</rule>
<rule state="P→Q;P">Q</rule>
<rule state="!P→Q;!P">Q</rule>
<rule state="P→!Q;P">!Q</rule>
<rule state="!P→!Q;!P">!Q</rule>
</rules></task>