<?xml version="1.0"?>
<task name="Вина">
<statements>
<statement state="A">Первый [не] говорит правду</statement>
<statement state="B">Первый [не] виновен</statement>
<statement state="C">Второй [не] говорит правду</statement>
<statement state="E">Второй [не] виновен</statement>
<statement state="D">Трейтий [не] говорит правду</statement>
<statement state="F">Третий [не] виновен</statement>
</statements>
<parcels>
<parcel state="B→A">если Первый бы виновен то Первый бы говорит правду </parcel>
<parcel state="E→C">если Второй бы виновен то Второй бы говорит правду </parcel>
<parcel state="F→D">если Третий бы виновен то Трейтий бы говорит правду </parcel>
<parcel state="B⊕E">или Первый виновен или  Второй виновен </parcel>
<parcel state="E⊕F">или Второй виновен или  Третий виновен </parcel>
<parcel state="!A">Первый  не говорит правду </parcel>
</parcels>
<ask state="E">Второй виновен </ask>
<rules>
<rule state="A⊕B;!A">B</rule>
<rule state="A⊕B;!B">A</rule>
<rule state="A→B;!B">!A</rule>
</rules></task>