﻿<?xml version="1.0"?>
<task name="Иванов, Петров Сидоров">
<statements>
<statement state="I">Иванов [не] участвовал в преступлении</statement>
<statement state="P">Петров [не] участвовал в преступлении</statement>
<statement state="S">Сидоров [не] участвовал в преступлении</statement>
</statements>
<parcels>
<parcel state="!I→!S">если Иванов бы не участвовал в преступлении то Сидоров бы не участвовал в преступлении </parcel>
<parcel state="!I⊕P→S">или Иванов  не участвовал в преступлении или  если Петров бы участвовал в преступлении то Сидоров бы участвовал в преступлении </parcel>
</parcels>
<ask state="I&amp;P→S">Иванов участвовал в преступлении  и если Петров бы участвовал в преступлении то Сидоров бы участвовал в преступлении </ask>
<rules>
</rules></task>