<?xml version="1.0"?>
<task name="Проблема с машинами">
<statements>
<statement state="A">скрылся [не] на мерседесе</statement>
<statement state="B">машина была [не] синяя</statement>
<statement state="C">скрылся [не] на джипе</statement>
<statement state="E">скрылся [не] на форде</statement>
<statement state="D">машина была [не] черная</statement>
</statements>
<parcels>
<parcel state="A⊕B">или скрылся на мерседесе или  машина была синяя </parcel>
<parcel state="C⊕D">или скрылся на джипе или  машина была черная </parcel>
<parcel state="E⊕!B">или скрылся на форде или  машина была  не синяя </parcel>
</parcels>
<ask state="C↔!D">скрылся на джипе  тогда и только тогда, когда машина была  не черная </ask>
<rules>
</rules></task>