<?xml version="1.0"?>
<ArrayOfRegTasks xmlns:xsi="http://www.w3.org/2001/XMLSchema-instance" xmlns:xsd="http://www.w3.org/2001/XMLSchema">
  <RegTasks>
    <Name>Четные слова</Name>
    <Description>Опишите язык, слова которого имеют четную длину. Алфавит языка - латинская a.
Слово нулевой длины в язык не входит.</Description>
    <Pattern>aa(aa)*</Pattern>
  </RegTasks>
</ArrayOfRegTasks>