<?xml version="1.0"?>
<ArrayOfRegTasks xmlns:xsi="http://www.w3.org/2001/XMLSchema-instance" xmlns:xsd="http://www.w3.org/2001/XMLSchema">
  <RegTasks>
    <Name>Чередующиеся буквы</Name>
    <Description>Опишите язык, слова которого представляют собой чередующуюся послеовательность букв a и b. Слова имеют четную длину. Слово нулевой длины в язык не входит.</Description>
    <Pattern>ab(ab)*+ba(ba)*</Pattern>
  </RegTasks>
</ArrayOfRegTasks>